{
  "__comment": "Instructions: https://blakesmods.com/docs/cucumber/tags-config",
  "forge:ingots/constantan": "alltheores:constantan_ingot",
  "forge:ingots/tungsten": "gtceu:tungsten_ingot",
  "forge:ingots/tin": "alltheores:tin_ingot",
  "forge:gems/sapphire": "alltheores:sapphire",
  "forge:ingots/bronze": "alltheores:bronze_ingot",
  "forge:ingots/lumium": "alltheores:lumium_ingot",
  "forge:ingots/electrum": "alltheores:electrum_ingot",
  "forge:silicon": "ae2:silicon",
  "forge:gems/apatite": "thermal:apatite",
  "forge:ingots/silver": "alltheores:silver_ingot",
  "forge:dusts/saltpeter": "gtceu:saltpeter_dust",
  "forge:ingots/steel": "alltheores:steel_ingot",
  "forge:ingots/platinum": "alltheores:platinum_ingot",
  "forge:ingots/lead": "alltheores:lead_ingot",
  "forge:ingots/graphite": "biggerreactors:graphite_ingot",
  "forge:ingots/uranium": "alltheores:uranium_ingot",
  "forge:ingots/aluminum": "alltheores:aluminum_ingot",
  "forge:ingots/mithril": "null",
  "forge:ingots/iridium": "alltheores:iridium_ingot",
  "forge:ingots/zinc": "alltheores:zinc_ingot",
  "forge:ingots/signalum": "alltheores:signalum_ingot",
  "forge:ingots/invar": "alltheores:invar_ingot",
  "forge:gems/ruby": "alltheores:ruby",
  "forge:dusts/niter": "thermal:niter_dust",
  "forge:ingots/chrome": "null",
  "forge:ingots/brass": "alltheores:brass_ingot",
  "forge:ingots/enderium": "alltheores:enderium_ingot",
  "forge:ingots/titanium": "gtceu:titanium_ingot",
  "forge:rubber": "null",
  "forge:dusts/sulfur": "thermal:sulfur_dust",
  "forge:gems/peridot": "alltheores:peridot",
  "forge:ingots/nickel": "alltheores:nickel_ingot"
}