{
  "name": "rupee",
  "disable": false,
  "tier": 1.0,
  "color": "1292EA",
  "armorPoints": 1.5,
  "enchantability": 10.0,
  "craftingMaterial": "tag:forge:ingots/rupee",
  "toughness": 1.5,
  "capacity": 4800000.0,
  "usage": 750.0,
  "speedVertical": 1.04,
  "accelVertical": 0.19,
  "speedSideways": 0.21,
  "speedHoverAscend": 0.46,
  "speedHoverDescend": 0.39,
  "speedHover": 2.0,
  "sprintSpeedMulti": 1.8,
  "sprintFuelMulti": 1.9,
  "creative": false,
  "rarity": 0,
  "sprintSpeedMultiVertical": 1.0,
  "knockbackResistance": 0.0,
  "curios": true
}