{
  "name": "realmite",
  "disable": false,
  "tier": 1.0,
  "color": "EA9C12",
  "armorPoints": 1.5,
  "enchantability": 10.0,
  "craftingMaterial": "tag:forge:ingots/realmite",
  "toughness": 1.5,
  "capacity": 4800000.0,
  "usage": 700.0,
  "speedVertical": 1.01,
  "accelVertical": 0.19,
  "speedSideways": 0.21,
  "speedHoverAscend": 0.45,
  "speedHoverDescend": 0.39,
  "speedHover": 2.0,
  "sprintSpeedMulti": 1.8,
  "sprintFuelMulti": 1.9,
  "creative": false,
  "rarity": 0,
  "sprintSpeedMultiVertical": 1.0,
  "knockbackResistance": 0.0,
  "curios": true
}