{
  "modPriorities": [
    "minecraft",
    "kubejs",
    "crafttweaker",
    "gtceu",
    "alltheores",
    "create",
    "thermal",
    "immersiveengineering",
    "mekanism"
  ],
  "stoneStrata": [
    "stone",
    "nether",
    "deepslate",
    "granite",
    "diorite",
    "andesite"
  ],
  "tags": [
    "forge:nuggets/{material}",
    "forge:dusts/{material}",
    "forge:gears/{material}",
    "forge:gems/{material}",
    "forge:ingots/{material}",
    "forge:raw_materials/{material}",
    "forge:ores/{material}",
    "forge:plates/{material}",
    "forge:rods/{material}",
    "forge:wires/{material}",
    "forge:storage_blocks/{material}",
    "forge:storage_blocks/raw_{material}"
  ],
  "materials": [
    "aeternium",
    "aluminum",
    "amber",
    "andesite_alloy",
    "apatite",
    "arlemite",
    "bitumen",
    "bloodgem",
    "brass",
    "bronze",
    "charcoal",
    "chrome",
    "cinnabar",
    "coal",
    "coal_coke",
    "cobalt",
    "compressed_iron",
    "conductive_alloy",
    "constantan",
    "copper",
    "copper_alloy",
    "dark_steel",
    "diamond",
    "draconium",
    "electrum",
    "elementium",
    "emerald",
    "enderium",
    "energetic_alloy",
    "fluorite",
    "gold",
    "graphite",
    "invar",
    "iridium",
    "iron",
    "lapis",
    "lead",
    "lumium",
    "mithril",
    "netherite",
    "nickel",
    "niter",
    "obsidian",
    "osmium",
    "peridot",
    "platinum",
    "potassium_nitrate",
    "pulsating_alloy",
    "pulsating_crystal",
    "realmite",
    "redstone",
    "redstone_alloy",
    "refined_glowstone",
    "refined_obsidian",
    "ruby",
    "rupee",
    "sapphire",
    "signalum",
    "silver",
    "steel",
    "sulfur",
    "tin",
    "tungsten",
    "uranium",
    "vibrant_alloy",
    "vibrant_crystal",
    "zeiton",
    "zinc"
  ],
  "priorityOverrides": {},
  "customTags": {},
  "tagOwnerships": {},
  "itemTagInheritanceMode": "ALLOW",
  "itemTagInheritance": {},
  "blockTagInheritanceMode": "ALLOW",
  "blockTagInheritance": {},
  "ignoredTags": [],
  "ignoredItems": [],
  "ignoredRecipeTypes": [
    "cucumber:shaped_tag"
  ],
  "ignoredRecipes": [],
  "itemsHidingJeiRei": true
}